{"stats":{"minecraft:custom":{"minecraft:jump":79,"minecraft:time_since_rest":2471,"minecraft:crouch_one_cm":1,"minecraft:walk_on_water_one_cm":198,"minecraft:deaths":1,"minecraft:sprint_one_cm":6924,"minecraft:play_time":5986,"minecraft:damage_taken":60,"minecraft:time_since_death":2451,"minecraft:walk_one_cm":12063,"minecraft:sneak_time":242,"minecraft:total_world_time":5986,"minecraft:walk_under_water_one_cm":532,"minecraft:swim_one_cm":1436,"minecraft:fall_one_cm":1790,"minecraft:fly_one_cm":7638},"minecraft:mined":{"minecraft:oak_log":6,"minecraft:oak_leaves":1},"minecraft:picked_up":{"minecraft:oak_log":6}},"DataVersion":3465}