{"stats":{"minecraft:used":{"minecraft:dirt":4,"minecraft:beef":2},"minecraft:picked_up":{"minecraft:azure_bluet":1,"minecraft:chicken":2,"minecraft:leather":4,"minecraft:wheat_seeds":3,"minecraft:beef":2,"minecraft:oak_log":6,"minecraft:oak_sapling":2,"minecraft:cornflower":2,"minecraft:dirt":15},"minecraft:killed":{"minecraft:chicken":1,"minecraft:cow":2},"minecraft:custom":{"minecraft:time_since_rest":24523,"minecraft:play_time":24523,"minecraft:crouch_one_cm":921,"minecraft:sprint_one_cm":32801,"minecraft:damage_taken":221,"minecraft:walk_one_cm":34908,"minecraft:sneak_time":213,"minecraft:mob_kills":3,"minecraft:animals_bred":1,"minecraft:jump":194,"minecraft:damage_dealt":504,"minecraft:leave_game":5,"minecraft:time_since_death":24523,"minecraft:total_world_time":24523,"minecraft:player_kills":1,"minecraft:fly_one_cm":37022,"minecraft:fall_one_cm":6194},"minecraft:crafted":{"minecraft:oak_planks":4},"minecraft:mined":{"minecraft:short_grass":35,"minecraft:grass_block":8,"minecraft:oak_log":6,"minecraft:dirt":13,"minecraft:cornflower":2,"minecraft:azure_bluet":1}},"DataVersion":3955}