{"stats":{"minecraft:custom":{"minecraft:time_since_rest":2189,"minecraft:crouch_one_cm":2,"minecraft:sprint_one_cm":7715,"minecraft:play_time":10273,"minecraft:walk_one_cm":18105,"minecraft:damage_taken":230,"minecraft:deaths":1,"minecraft:sneak_time":8,"minecraft:walk_under_water_one_cm":75,"minecraft:jump":74,"minecraft:damage_dealt":50,"minecraft:leave_game":1,"minecraft:walk_on_water_one_cm":255,"minecraft:time_since_death":2134,"minecraft:total_world_time":10273,"minecraft:swim_one_cm":1337,"minecraft:fall_one_cm":5592,"minecraft:fly_one_cm":16621},"minecraft:picked_up":{"minecraft:oak_slab":1,"minecraft:wheat_seeds":1,"minecraft:oak_stairs":1,"minecraft:dirt":2},"minecraft:mined":{"minecraft:grass":2,"minecraft:grass_block":1,"minecraft:oak_slab":1,"minecraft:oak_stairs":1,"minecraft:dirt":1},"minecraft:used":{"minecraft:dirt":2,"minecraft:oak_slab":1,"minecraft:oak_stairs":1}},"DataVersion":3465}