{"stats":{"minecraft:mined":{"minecraft:short_grass":15,"minecraft:oak_log":2,"minecraft:grass_block":1,"minecraft:dirt":4,"minecraft:tall_grass":1,"minecraft:oxeye_daisy":1},"minecraft:custom":{"minecraft:time_since_rest":5945,"minecraft:crouch_one_cm":623,"minecraft:play_time":31353,"minecraft:sprint_one_cm":17323,"minecraft:damage_taken":257,"minecraft:deaths":1,"minecraft:walk_one_cm":19163,"minecraft:sneak_time":119,"minecraft:walk_under_water_one_cm":69,"minecraft:drop":7,"minecraft:jump":179,"minecraft:damage_dealt":243,"minecraft:leave_game":7,"minecraft:time_since_death":5696,"minecraft:walk_on_water_one_cm":140,"minecraft:total_world_time":31353,"minecraft:swim_one_cm":457,"minecraft:fall_one_cm":2986,"minecraft:fly_one_cm":34678},"minecraft:used":{"minecraft:dirt":2},"minecraft:dropped":{"minecraft:oxeye_daisy":1,"minecraft:wheat_seeds":4,"minecraft:oak_sapling":2},"minecraft:picked_up":{"minecraft:wheat_seeds":4,"minecraft:oak_log":1,"minecraft:oak_sapling":2,"minecraft:dirt":6,"minecraft:oxeye_daisy":1},"minecraft:killed_by":{"minecraft:player":1}},"DataVersion":3955}