{"stats":{"minecraft:picked_up":{"minecraft:oak_slab":1,"minecraft:wheat_seeds":1,"minecraft:oak_stairs":1},"minecraft:used":{"minecraft:oak_slab":1,"minecraft:oak_stairs":1},"minecraft:mined":{"minecraft:grass":1,"minecraft:oak_slab":1,"minecraft:oak_stairs":1},"minecraft:custom":{"minecraft:jump":17,"minecraft:time_since_rest":4273,"minecraft:leave_game":1,"minecraft:crouch_one_cm":2,"minecraft:sprint_one_cm":1237,"minecraft:play_time":4273,"minecraft:damage_taken":10,"minecraft:time_since_death":4273,"minecraft:walk_one_cm":5614,"minecraft:sneak_time":8,"minecraft:total_world_time":4273,"minecraft:fall_one_cm":602,"minecraft:fly_one_cm":606}},"DataVersion":3465}